{"cameraMode":{"drawMode":0,"name":"Shaded","section":"Shading Mode"},"sceneLighting":false,"audioPlay":false,"sceneViewState":{"showFog":false,"showMaterialUpdate":false,"showSkybox":false,"showFlares":false,"showImageEffects":false,"showParticleSystems":false},"in2DMode":false,"pivot":{"x":-5.995199203491211,"y":13.17475700378418,"z":2.035386085510254},"rotation":{"x":-0.007490857969969511,"y":-0.04918269068002701,"z":-0.00036887297756038606,"w":0.9987626075744629},"size":7.067939281463623,"orthographic":true}