{"cameraMode":{"drawMode":0,"name":"Shaded","section":"Shading Mode"},"sceneLighting":false,"audioPlay":false,"sceneViewState":{"showFog":false,"showMaterialUpdate":false,"showSkybox":false,"showFlares":false,"showImageEffects":false,"showParticleSystems":false},"in2DMode":false,"pivot":{"x":-2.347038507461548,"y":32.149784088134769,"z":1.8026504516601563},"rotation":{"x":-0.016808612272143365,"y":0.0035961284302175047,"z":-0.00006031213342794217,"w":-0.9998559951782227},"size":23.763137817382814,"orthographic":false}