{"cameraMode":{"drawMode":0,"name":"Shaded","section":"Shading Mode"},"sceneLighting":false,"audioPlay":false,"sceneViewState":{"showFog":false,"showMaterialUpdate":false,"showSkybox":false,"showFlares":false,"showImageEffects":false,"showParticleSystems":false},"in2DMode":false,"pivot":{"x":-16.94013786315918,"y":2.6934852600097658,"z":1.929194450378418},"rotation":{"x":-0.15092915296554566,"y":0.20219381153583527,"z":-0.0315539576113224,"w":-0.9671338796615601},"size":4.330127239227295,"orthographic":false}