{"cameraMode":{"drawMode":0,"name":"Shaded","section":"Shading Mode"},"sceneLighting":false,"audioPlay":false,"sceneViewState":{"showFog":false,"showMaterialUpdate":false,"showSkybox":false,"showFlares":false,"showImageEffects":false,"showParticleSystems":false},"in2DMode":false,"pivot":{"x":20.816526412963868,"y":10.960742950439454,"z":-0.24865245819091798},"rotation":{"x":-0.08827270567417145,"y":-0.20410650968551637,"z":0.018483085557818414,"w":-0.9747889041900635},"size":4.670158386230469,"orthographic":false}