{"cameraMode":{"drawMode":0,"name":"Shaded","section":"Shading Mode"},"sceneLighting":false,"audioPlay":false,"sceneViewState":{"showFog":false,"showMaterialUpdate":false,"showSkybox":false,"showFlares":false,"showImageEffects":false,"showParticleSystems":false},"in2DMode":false,"pivot":{"x":-3.5227317810058595,"y":37.042755126953128,"z":2.953325033187866},"rotation":{"x":0.0026905338745564224,"y":-0.0009034113609232008,"z":-0.0000024063267574092608,"w":-1.0000004768371583},"size":23.763137817382814,"orthographic":true}