{"cameraMode":{"drawMode":0,"name":"Shaded","section":"Shading Mode"},"sceneLighting":false,"audioPlay":false,"sceneViewState":{"showFog":false,"showMaterialUpdate":false,"showSkybox":false,"showFlares":false,"showImageEffects":false,"showParticleSystems":false},"in2DMode":false,"pivot":{"x":-7.118190765380859,"y":22.10215950012207,"z":1.8328208923339844},"rotation":{"x":-0.020996950566768647,"y":0.011997063644230366,"z":0.000251973164267838,"w":0.9997081756591797},"size":4.104706764221191,"orthographic":false}