{"cameraMode":{"drawMode":0,"name":"Shaded","section":"Shading Mode"},"sceneLighting":false,"audioPlay":false,"sceneViewState":{"showFog":false,"showMaterialUpdate":false,"showSkybox":false,"showFlares":false,"showImageEffects":false,"showParticleSystems":false},"in2DMode":false,"pivot":{"x":4.63653564453125,"y":23.27765655517578,"z":2.0353875160217287},"rotation":{"x":-0.007490857969969511,"y":-0.04918269068002701,"z":-0.00036887297756038606,"w":0.9987626075744629},"size":7.067938327789307,"orthographic":true}