{"cameraMode":{"drawMode":0,"name":"Shaded","section":"Shading Mode"},"sceneLighting":false,"audioPlay":false,"sceneViewState":{"showFog":false,"showMaterialUpdate":false,"showSkybox":false,"showFlares":false,"showImageEffects":false,"showParticleSystems":false},"in2DMode":false,"pivot":{"x":9.181652069091797,"y":8.975790023803711,"z":-1.4343671798706055},"rotation":{"x":-0.12169098109006882,"y":0.2951012849807739,"z":-0.03792698681354523,"w":-0.9469452500343323},"size":2.852572202682495,"orthographic":false}